Workbook

Sheet Spot Price Scenarios
A1: COPX Returns Model — Copper Spot Price Scenarios
A3: CURRENT MARKET DATA
A4: Metric | B4: Value | C4: Format | D4: Source
A5: Copper Spot ($/lb) | B5: 5.9 | C5: $#,##0.00 | D5: Source: COMEX, Mar 2026
A6: Copper Spot ($/mt) | B6: =B5*2204.62 -> 13007.258 | C6: $#,##0 | D6: Calculated: Spot/lb * 2204.62
A7: COPX Price | B7: 95.7 | C7: $#,##0.00 | D7: Source: NYSE, Mar 1 2026
A8: COPX 52-Week Low | B8: 30.77 | C8: $#,##0.00 | D8: Source: Yahoo Finance
A9: COPX 52-Week High | B9: 95.7 | C9: $#,##0.00 | D9: Source: Yahoo Finance
A10: COPX 1-Year Return | B10: 1.3168 | C10: 0.0% | D10: Source: ETFdb.com
A11: COPX YTD Return | B11: 0.9344 | C11: 0.0% | D11: Source: ETFdb.com
A12: COPX AUM ($B) | B12: 8.41 | C12: $#,##0.00"B" | D12: Source: Global X
A13: Copper ATH ($/lb) | B13: 6.61 | C13: $#,##0.00 | D13: Source: COMEX, Jan 29 2026
A14: GS 2026E Avg ($/mt) | B14: 11400 | C14: $#,##0 | D14: Source: Goldman Sachs, Feb 2026
A15: GS 2026E Year-End ($/mt) | B15: 12200 | C15: $#,##0 | D15: Source: Goldman Sachs, Feb 2026
A16: GS 2027E Avg ($/mt) | B16: 10750 | C16: $#,##0 | D16: Source: Goldman Sachs, Feb 2026
A19: COPPER SPOT PRICE SCENARIOS
A20: Scenario | B20: Mar-26 | C20: Apr-26 | D20: May-26 | E20: Jun-26 | F20: Jul-26 | G20: Aug-26 | H20: Sep-26 | I20: Oct-26 | J20: Nov-26 | K20: Dec-26 | L20: Jan-27 | M20: Feb-27 | N20: Mar-27
A21: Bull ($/lb) | B21: 5.9 | C21: 6.1 | D21: 6.35 | E21: 6.6 | F21: 6.9 | G21: 7.2 | H21: 7.5 | I21: 7.3 | J21: 7.1 | K21: 6.9 | L21: 6.7 | M21: 6.5 | N21: 6.3
A22: Base ($/lb) | B22: 5.9 | C22: 5.95 | D22: 6 | E22: 6.1 | F22: 6.15 | G22: 6.2 | H22: 6.25 | I22: 6.15 | J22: 6 | K22: 5.85 | L22: 5.75 | M22: 5.65 | N22: 5.55
A23: Bear ($/lb) | B23: 5.9 | C23: 5.7 | D23: 5.5 | E23: 5.4 | F23: 5.3 | G23: 5.2 | H23: 5.1 | I23: 4.9 | J23: 4.7 | K23: 4.6 | L23: 4.5 | M23: 4.4 | N23: 4.3
A24: % CHANGE FROM CURRENT SPOT
A25: Scenario | B25: Mar-26 | C25: Apr-26 | D25: May-26 | E25: Jun-26 | F25: Jul-26 | G25: Aug-26 | H25: Sep-26 | I25: Oct-26 | J25: Nov-26 | K25: Dec-26 | L25: Jan-27 | M25: Feb-27 | N25: Mar-27
A26: Bull (% chg) | B26: =(B21-B21)/B21 -> 0 | C26: =(C21-B21)/B21 -> 0.033898305 | D26: =(D21-B21)/B21 -> 0.076271186 | E26: =(E21-B21)/B21 -> 0.11864407 | F26: =(F21-B21)/B21 -> 0.16949153 | G26: =(G21-B21)/B21 -> 0.22033898 | H26: =(H21-B21)/B21 -> 0.27118644 | I26: =(I21-B21)/B21 -> 0.23728814 | J26: =(J21-B21)/B21 -> 0.20338983 | K26: =(K21-B21)/B21 -> 0.16949153 | L26: =(L21-B21)/B21 -> 0.13559322 | M26: =(M21-B21)/B21 -> 0.10169492 | N26: =(N21-B21)/B21 -> 0.06779661
A27: Base (% chg) | B27: =(B22-B22)/B22 -> 0 | C27: =(C22-B22)/B22 -> 0.0084745763 | D27: =(D22-B22)/B22 -> 0.016949153 | E27: =(E22-B22)/B22 -> 0.033898305 | F27: =(F22-B22)/B22 -> 0.042372881 | G27: =(G22-B22)/B22 -> 0.050847458 | H27: =(H22-B22)/B22 -> 0.059322034 | I27: =(I22-B22)/B22 -> 0.042372881 | J27: =(J22-B22)/B22 -> 0.016949153 | K27: =(K22-B22)/B22 -> -0.0084745763 | L27: =(L22-B22)/B22 -> -0.025423729 | M27: =(M22-B22)/B22 -> -0.042372881 | N27: =(N22-B22)/B22 -> -0.059322034
A28: Bear (% chg) | B28: =(B23-B23)/B23 -> 0 | C28: =(C23-B23)/B23 -> -0.033898305 | D28: =(D23-B23)/B23 -> -0.06779661 | E28: =(E23-B23)/B23 -> -0.084745763 | F28: =(F23-B23)/B23 -> -0.10169492 | G28: =(G23-B23)/B23 -> -0.11864407 | H28: =(H23-B23)/B23 -> -0.13559322 | I28: =(I23-B23)/B23 -> -0.16949153 | J28: =(J23-B23)/B23 -> -0.20338983 | K28: =(K23-B23)/B23 -> -0.22033898 | L28: =(L23-B23)/B23 -> -0.23728814 | M28: =(M23-B23)/B23 -> -0.25423729 | N28: =(N23-B23)/B23 -> -0.27118644

Sheet Amplification Model
A1: COPX Amplification Model — Spot to Miner Returns
A3: AMPLIFICATION ASSUMPTIONS
A4: Phase | B4: Period | C4: Amplification (x) | D4: Description | E4: Historical Basis
A5: Phase 2 (Now) | B5: Mar-26 | C5: 2.8 | D5: Conviction — institutional rotation | E5: COPX vs HG1! trailing 12mo
A6: Phase 3 Early | B6: Apr-Jun 26 | C6: 3.2 | D6: Acceleration — generalist inflows | E6: Prior cycle Q2-Q3 2021 analog
A7: Phase 3 Mid | B7: Jul-Sep 26 | C7: 3.8 | D7: Euphoria — analyst upgrades cascade | E7: Prior cycle Q4 2021 analog
A8: Phase 3 Peak | B8: Sep-26 | C8: 4.5 | D8: Peak amplification before rollover | E8: Prior cycle Jan 2022 peak
A9: Phase 4 Early | B9: Oct-Dec 26 | C9: 2.5 | D9: De-rating begins, profit taking | E9: Prior cycle Q1-Q2 2022
A10: Phase 4 Late | B10: Jan-Mar 27 | C10: 1.8 | D10: Compression back toward parity | E10: Prior cycle H2 2022
A13: MONTHLY AMPLIFICATION SCHEDULE
A14: Month | B14: Mar-26 | C14: Apr-26 | D14: May-26 | E14: Jun-26 | F14: Jul-26 | G14: Aug-26 | H14: Sep-26 | I14: Oct-26 | J14: Nov-26 | K14: Dec-26 | L14: Jan-27 | M14: Feb-27 | N14: Mar-27
A15: Amplification (x) | B15: 2.8 | C15: 3 | D15: 3.2 | E15: 3.5 | F15: 3.7 | G15: 3.9 | H15: 4.5 | I15: 3.5 | J15: 2.8 | K15: 2.3 | L15: 2 | M15: 1.8 | N15: 1.5
A16: Cycle Phase | B16: P2 | C16: P2→3 | D16: P3 | E16: P3 | F16: P3 | G16: P3 | H16: P3 Peak | I16: P4 | J16: P4 | K16: P4 | L16: P4 | M16: P4 | N16: P4

Sheet COPX Returns
A1: COPX Projected Returns — 3 Scenarios x Amplification
A3: COPX Entry Price: | B3: 95.7 | C3: Source: NYSE, Mar 1 2026
A5: BULL SCENARIO
A6: Metric | B6: Mar-26 | C6: Apr-26 | D6: May-26 | E6: Jun-26 | F6: Jul-26 | G6: Aug-26 | H6: Sep-26 | I6: Oct-26 | J6: Nov-26 | K6: Dec-26 | L6: Jan-27 | M6: Feb-27 | N6: Mar-27
A7: Cu Spot ($/lb) | B7: ='Spot Price Scenarios'!B21 -> 5.9 | C7: ='Spot Price Scenarios'!C21 -> 6.1 | D7: ='Spot Price Scenarios'!D21 -> 6.35 | E7: ='Spot Price Scenarios'!E21 -> 6.6 | F7: ='Spot Price Scenarios'!F21 -> 6.9 | G7: ='Spot Price Scenarios'!G21 -> 7.2 | H7: ='Spot Price Scenarios'!H21 -> 7.5 | I7: ='Spot Price Scenarios'!I21 -> 7.3 | ... N7: ='Spot Price Scenarios'!N21 -> 6.3
A8: Spot % Chg | B8: ='Spot Price Scenarios'!B26 -> 0 | C8: ='Spot Price Scenarios'!C26 -> 0.033898305 | D8: ='Spot Price Scenarios'!D26 -> 0.076271186 | E8: ='Spot Price Scenarios'!E26 -> 0.11864407 | F8: ='Spot Price Scenarios'!F26 -> 0.16949153 | G8: ='Spot Price Scenarios'!G26 -> 0.22033898 | H8: ='Spot Price Scenarios'!H26 -> 0.27118644 | I8: ='Spot Price Scenarios'!I26 -> 0.23728814 | ... N8: ='Spot Price Scenarios'!N26 -> 0.06779661
A9: Amplification (x) | B9: ='Amplification Model'!B15 -> 2.8 | C9: ='Amplification Model'!C15 -> 3 | D9: ='Amplification Model'!D15 -> 3.2 | E9: ='Amplification Model'!E15 -> 3.5 | F9: ='Amplification Model'!F15 -> 3.7 | G9: ='Amplification Model'!G15 -> 3.9 | H9: ='Amplification Model'!H15 -> 4.5 | I9: ='Amplification Model'!I15 -> 3.5 | ... N9: ='Amplification Model'!N15 -> 1.5
A10: COPX Implied Return | B10: =B8*B9 -> 0 | C10: =C8*C9 -> 0.10169492 | D10: =D8*D9 -> 0.2440678 | E10: =E8*E9 -> 0.41525424 | F10: =F8*F9 -> 0.62711864 | G10: =G8*G9 -> 0.85932203 | H10: =H8*H9 -> 1.220339 | I10: =I8*I9 -> 0.83050847 | ... N10: =N8*N9 -> 0.10169492
A11: COPX Price | B11: =$B$3*(1+B10) -> 95.7 | C11: =$B$3*(1+C10) -> 105.4322 | D11: =$B$3*(1+D10) -> 119.05729 | E11: =$B$3*(1+E10) -> 135.43983 | F11: =$B$3*(1+F10) -> 155.71525 | G11: =$B$3*(1+G10) -> 177.93712 | H11: =$B$3*(1+H10) -> 212.48644 | I11: =$B$3*(1+I10) -> 175.17966 | ... N11: =$B$3*(1+N10) -> 105.4322
A12: $ P&L / Share | B12: =B11-$B$3 -> 0 | C12: =C11-$B$3 -> 9.7322034 | D12: =D11-$B$3 -> 23.357288 | E12: =E11-$B$3 -> 39.739831 | F12: =F11-$B$3 -> 60.015254 | G12: =G11-$B$3 -> 82.237119 | H12: =H11-$B$3 -> 116.78644 | I12: =I11-$B$3 -> 79.479661 | ... N12: =N11-$B$3 -> 9.7322034
A15: BASE SCENARIO
A16: Metric | B16: Mar-26 | C16: Apr-26 | D16: May-26 | E16: Jun-26 | F16: Jul-26 | G16: Aug-26 | H16: Sep-26 | I16: Oct-26 | J16: Nov-26 | K16: Dec-26 | L16: Jan-27 | M16: Feb-27 | N16: Mar-27
A17: Cu Spot ($/lb) | B17: ='Spot Price Scenarios'!B22 -> 5.9 | C17: ='Spot Price Scenarios'!C22 -> 5.95 | D17: ='Spot Price Scenarios'!D22 -> 6 | E17: ='Spot Price Scenarios'!E22 -> 6.1 | F17: ='Spot Price Scenarios'!F22 -> 6.15 | G17: ='Spot Price Scenarios'!G22 -> 6.2 | H17: ='Spot Price Scenarios'!H22 -> 6.25 | I17: ='Spot Price Scenarios'!I22 -> 6.15 | ... N17: ='Spot Price Scenarios'!N22 -> 5.55
A18: Spot % Chg | B18: ='Spot Price Scenarios'!B27 -> 0 | C18: ='Spot Price Scenarios'!C27 -> 0.0084745763 | D18: ='Spot Price Scenarios'!D27 -> 0.016949153 | E18: ='Spot Price Scenarios'!E27 -> 0.033898305 | F18: ='Spot Price Scenarios'!F27 -> 0.042372881 | G18: ='Spot Price Scenarios'!G27 -> 0.050847458 | H18: ='Spot Price Scenarios'!H27 -> 0.059322034 | I18: ='Spot Price Scenarios'!I27 -> 0.042372881 | ... N18: ='Spot Price Scenarios'!N27 -> -0.059322034
A19: Amplification (x) | B19: ='Amplification Model'!B15 -> 2.8 | C19: ='Amplification Model'!C15 -> 3 | D19: ='Amplification Model'!D15 -> 3.2 | E19: ='Amplification Model'!E15 -> 3.5 | F19: ='Amplification Model'!F15 -> 3.7 | G19: ='Amplification Model'!G15 -> 3.9 | H19: ='Amplification Model'!H15 -> 4.5 | I19: ='Amplification Model'!I15 -> 3.5 | ... N19: ='Amplification Model'!N15 -> 1.5
A20: COPX Implied Return | B20: =B18*B19 -> 0 | C20: =C18*C19 -> 0.025423729 | D20: =D18*D19 -> 0.054237288 | E20: =E18*E19 -> 0.11864407 | F20: =F18*F19 -> 0.15677966 | G20: =G18*G19 -> 0.19830508 | H20: =H18*H19 -> 0.26694915 | I20: =I18*I19 -> 0.14830508 | ... N20: =N18*N19 -> -0.088983051
A21: COPX Price | B21: =$B$3*(1+B20) -> 95.7 | C21: =$B$3*(1+C20) -> 98.133051 | D21: =$B$3*(1+D20) -> 100.89051 | E21: =$B$3*(1+E20) -> 107.05424 | F21: =$B$3*(1+F20) -> 110.70381 | G21: =$B$3*(1+G20) -> 114.6778 | H21: =$B$3*(1+H20) -> 121.24703 | I21: =$B$3*(1+I20) -> 109.8928 | ... N21: =$B$3*(1+N20) -> 87.184322
A22: $ P&L / Share | B22: =B21-$B$3 -> 0 | C22: =C21-$B$3 -> 2.4330508 | D22: =D21-$B$3 -> 5.1905085 | E22: =E21-$B$3 -> 11.354237 | F22: =F21-$B$3 -> 15.003814 | G22: =G21-$B$3 -> 18.977797 | H22: =H21-$B$3 -> 25.547034 | I22: =I21-$B$3 -> 14.192797 | ... N22: =N21-$B$3 -> -8.515678
A25: BEAR SCENARIO
A26: Metric | B26: ='Spot Price Scenarios'!B28 -> 0 | C26: ='Spot Price Scenarios'!C28 -> -0.033898305 | D26: ='Spot Price Scenarios'!D28 -> -0.06779661 | E26: ='Spot Price Scenarios'!E28 -> -0.084745763 | F26: ='Spot Price Scenarios'!F28 -> -0.10169492 | G26: ='Spot Price Scenarios'!G28 -> -0.11864407 | H26: ='Spot Price Scenarios'!H28 -> -0.13559322 | I26: ='Spot Price Scenarios'!I28 -> -0.16949153 | ... N26: ='Spot Price Scenarios'!N28 -> -0.27118644
A27: Cu Spot ($/lb) | B27: ='Spot Price Scenarios'!B23 -> 5.9 | C27: ='Spot Price Scenarios'!C23 -> 5.7 | D27: ='Spot Price Scenarios'!D23 -> 5.5 | E27: ='Spot Price Scenarios'!E23 -> 5.4 | F27: ='Spot Price Scenarios'!F23 -> 5.3 | G27: ='Spot Price Scenarios'!G23 -> 5.2 | H27: ='Spot Price Scenarios'!H23 -> 5.1 | I27: ='Spot Price Scenarios'!I23 -> 4.9 | ... N27: ='Spot Price Scenarios'!N23 -> 4.3
A28: Spot % Chg | B28: ='Spot Price Scenarios'!B28 -> 0 | C28: ='Spot Price Scenarios'!C28 -> -0.033898305 | D28: ='Spot Price Scenarios'!D28 -> -0.06779661 | E28: ='Spot Price Scenarios'!E28 -> -0.084745763 | F28: ='Spot Price Scenarios'!F28 -> -0.10169492 | G28: ='Spot Price Scenarios'!G28 -> -0.11864407 | H28: ='Spot Price Scenarios'!H28 -> -0.13559322 | I28: ='Spot Price Scenarios'!I28 -> -0.16949153 | ... N28: ='Spot Price Scenarios'!N28 -> -0.27118644
A29: Amplification (x) | B29: ='Amplification Model'!B15 -> 2.8 | C29: ='Amplification Model'!C15 -> 3 | D29: ='Amplification Model'!D15 -> 3.2 | E29: ='Amplification Model'!E15 -> 3.5 | F29: ='Amplification Model'!F15 -> 3.7 | G29: ='Amplification Model'!G15 -> 3.9 | H29: ='Amplification Model'!H15 -> 4.5 | I29: ='Amplification Model'!I15 -> 3.5 | ... N29: ='Amplification Model'!N15 -> 1.5
A30: COPX Implied Return | B30: =B28*B29 -> 0 | C30: =C28*C29 -> -0.10169492 | D30: =D28*D29 -> -0.21694915 | E30: =E28*E29 -> -0.29661017 | F30: =F28*F29 -> -0.37627119 | G30: =G28*G29 -> -0.46271186 | H30: =H28*H29 -> -0.61016949 | I30: =I28*I29 -> -0.59322034 | ... N30: =N28*N29 -> -0.40677966
A31: COPX Price | B31: =$B$3*(1+B30) -> 95.7 | C31: =$B$3*(1+C30) -> 85.967797 | D31: =$B$3*(1+D30) -> 74.937966 | E31: =$B$3*(1+E30) -> 67.314407 | F31: =$B$3*(1+F30) -> 59.690847 | G31: =$B$3*(1+G30) -> 51.418475 | H31: =$B$3*(1+H30) -> 37.30678 | I31: =$B$3*(1+I30) -> 38.928814 | ... N31: =$B$3*(1+N30) -> 56.771186
A32: $ P&L / Share | B32: =B31-$B$3 -> 0 | C32: =C31-$B$3 -> -9.7322034 | D32: =D31-$B$3 -> -20.762034 | E32: =E31-$B$3 -> -28.385593 | F32: =F31-$B$3 -> -36.009153 | G32: =G31-$B$3 -> -44.281525 | H32: =H31-$B$3 -> -58.39322 | I32: =I31-$B$3 -> -56.771186 | ... N32: =N31-$B$3 -> -38.928814

Sheet Position Sizing
A1: COPX Position Sizing & Risk Management
A3: PORTFOLIO ASSUMPTIONS
A4: Parameter | B4: Value | C4: Notes
A5: Portfolio Size | B5: 100000 | C5: Total investable capital
A6: Max Position Size (%) | B6: 0.1 | C6: Single position risk limit
A7: COPX Entry Price | B7: 95.7 | C7: Current market price
A8: Stop Loss (%) | B8: -0.15 | C8: Max acceptable loss from entry
A9: Target Exit — Phase 3 Peak | B9: ='COPX Returns'!H11 -> 212.48644 | C9: COPX Returns Bull scenario Sep-26
A10: Risk-Free Rate | B10: 0.045 | C10: T-bill proxy
A13: CALCULATED POSITION METRICS
A14: Metric | B14: Formula | C14: Value
A15: Position $ Size | B15: =Portfolio * Max % | C15: =B5*B6 -> 10000
A16: Shares | B16: =Position / Entry Price | C16: =C15/B7 -> 104.49321
A17: Stop Loss Price | B17: =Entry * (1 + Stop %) | C17: =B7*(1+B8) -> 81.345
A18: $ Risk per Share | B18: =Entry - Stop Price | C18: =B7-C17 -> 14.355
A19: Total $ Risk | B19: =Shares * $ Risk/Share | C19: =C16*C18 -> 1500
A20: Target Price (Bull Peak) | B20: =Linked from Returns | C20: =B9 -> 212.48644
A21: $ Upside per Share | B21: =Target - Entry | C21: =C20-B7 -> 116.78644
A22: Total $ Upside | B22: =Shares * Upside/Share | C22: =C16*C21 -> 12203.39
A23: Risk/Reward Ratio | B23: =Upside / Risk | C23: =C22/C19 -> 8.1355932
A24: Breakeven Spot Move | B24: =1/Amplification at entry | C24: =1/2.8 -> 0.35714286
A25: Max Drawdown $ at Stop | B25: =Total Risk | C25: =C19 -> 1500

Sheet Scenario Summary
A1: COPX Return Summary — Key Timeframes
A3: RETURN MATRIX: Scenario x Timeframe | F3: ='COPX Returns'!B3 -> 95.7 | G3: Entry:
B4: 3-Month (Jun-26) | C4: 6-Month (Sep-26) | D4: 9-Month (Dec-26) | E4: 12-Month (Mar-27) | F4: Peak COPX Price | G4: Peak Return
A5: BULL | B5: ='COPX Returns'!E10 -> 0.41525424 | C5: ='COPX Returns'!H10 -> 1.220339 | D5: ='COPX Returns'!K10 -> 0.38983051 | E5: ='COPX Returns'!N10 -> 0.10169492 | F5: =MAX('COPX Returns'!B11:N11) -> 212.48644 | G5: =(F5-'COPX Returns'!B3)/'COPX Returns'!B3 -> 1.220339
A6: BASE | B6: ='COPX Returns'!E20 -> 0.11864407 | C6: ='COPX Returns'!H20 -> 0.26694915 | D6: ='COPX Returns'!K20 -> -0.019491525 | E6: ='COPX Returns'!N20 -> -0.088983051 | F6: =MAX('COPX Returns'!B21:N21) -> 121.24703 | G6: =(F6-'COPX Returns'!B3)/'COPX Returns'!B3 -> 0.26694915
A7: BEAR | B7: ='COPX Returns'!E30 -> -0.29661017 | C7: ='COPX Returns'!H30 -> -0.61016949 | D7: ='COPX Returns'!K30 -> -0.50677966 | E7: ='COPX Returns'!N30 -> -0.40677966 | F7: =MAX('COPX Returns'!B31:N31) -> 95.7 | G7: =(F7-'COPX Returns'!B3)/'COPX Returns'!B3 -> 0
A10: KEY DECISION FRAMEWORK
A11: Signal | B11: Trigger | C11: Action | D11: COPX Target
A12: Section 232 Decision | B12: Cu tariff enacted (Jun 30) | C12: Add to position | D12: ='COPX Returns'!E11 -> 135.43983
A13: Phase 3 Confirmation | B13: COPX amplification > 3.5x | C13: Hold / trail stop | D13: ='COPX Returns'!H11 -> 212.48644
A14: Phase 3 Peak Signal | B14: Amplification hits 4.5x | C14: Begin scaling out | D14: ='COPX Returns'!H11 -> 212.48644
A15: Phase 4 Trigger | B15: Amplification rolls < 3.0x | C15: Exit remaining | D15: ='COPX Returns'!K11 -> 133.00678
A16: Bear Stop | B16: Spot < $5.20/lb sustained | C16: Full exit | D16: ='COPX Returns'!H29 -> 4.5

Sheet Sensitivity
A1: COPX Price Sensitivity — Spot Price x Amplification
A3: COPX PRICE MATRIX
A4: Entry: $95.70
A5: Cu Spot ($/lb) | B5: 1.5x | C5: 2.0x | D5: 2.5x | E5: 2.8x | F5: 3.2x | G5: 3.8x | H5: 4.5x | I5: 5.0x
A6: 4.5 | B6: =95.7*(1+(($A6-5.9)/5.9)*1.5) -> 61.637288 | C6: =95.7*(1+(($A6-5.9)/5.9)*2) -> 50.283051 | D6: =95.7*(1+(($A6-5.9)/5.9)*2.5) -> 38.928814 | E6: =95.7*(1+(($A6-5.9)/5.9)*2.8) -> 32.116271 | F6: =95.7*(1+(($A6-5.9)/5.9)*3.2) -> 23.032881 | G6: =95.7*(1+(($A6-5.9)/5.9)*3.8) -> 9.4077966 | H6: =95.7*(1+(($A6-5.9)/5.9)*4.5) -> -6.4881356 | I6: =95.7*(1+(($A6-5.9)/5.9)*5) -> -17.842373
A7: 5 | B7: =95.7*(1+(($A7-5.9)/5.9)*1.5) -> 73.802542 | C7: =95.7*(1+(($A7-5.9)/5.9)*2) -> 66.50339 | D7: =95.7*(1+(($A7-5.9)/5.9)*2.5) -> 59.204237 | E7: =95.7*(1+(($A7-5.9)/5.9)*2.8) -> 54.824746 | F7: =95.7*(1+(($A7-5.9)/5.9)*3.2) -> 48.985424 | G7: =95.7*(1+(($A7-5.9)/5.9)*3.8) -> 40.226441 | H7: =95.7*(1+(($A7-5.9)/5.9)*4.5) -> 30.007627 | I7: =95.7*(1+(($A7-5.9)/5.9)*5) -> 22.708475
A8: 5.2 | B8: =95.7*(1+(($A8-5.9)/5.9)*1.5) -> 78.668644 | C8: =95.7*(1+(($A8-5.9)/5.9)*2) -> 72.991525 | D8: =95.7*(1+(($A8-5.9)/5.9)*2.5) -> 67.314407 | E8: =95.7*(1+(($A8-5.9)/5.9)*2.8) -> 63.908136 | F8: =95.7*(1+(($A8-5.9)/5.9)*3.2) -> 59.366441 | G8: =95.7*(1+(($A8-5.9)/5.9)*3.8) -> 52.553898 | H8: =95.7*(1+(($A8-5.9)/5.9)*4.5) -> 44.605932 | I8: =95.7*(1+(($A8-5.9)/5.9)*5) -> 38.928814
A9: 5.5 | B9: =95.7*(1+(($A9-5.9)/5.9)*1.5) -> 85.967797 | C9: =95.7*(1+(($A9-5.9)/5.9)*2) -> 82.723729 | D9: =95.7*(1+(($A9-5.9)/5.9)*2.5) -> 79.479661 | E9: =95.7*(1+(($A9-5.9)/5.9)*2.8) -> 77.53322 | F9: =95.7*(1+(($A9-5.9)/5.9)*3.2) -> 74.937966 | G9: =95.7*(1+(($A9-5.9)/5.9)*3.8) -> 71.045085 | H9: =95.7*(1+(($A9-5.9)/5.9)*4.5) -> 66.50339 | I9: =95.7*(1+(($A9-5.9)/5.9)*5) -> 63.259322
A10: 5.9 | B10: =95.7*(1+(($A10-5.9)/5.9)*1.5) -> 95.7 | C10: =95.7*(1+(($A10-5.9)/5.9)*2) -> 95.7 | D10: =95.7*(1+(($A10-5.9)/5.9)*2.5) -> 95.7 | E10: =95.7*(1+(($A10-5.9)/5.9)*2.8) -> 95.7 | F10: =95.7*(1+(($A10-5.9)/5.9)*3.2) -> 95.7 | G10: =95.7*(1+(($A10-5.9)/5.9)*3.8) -> 95.7 | H10: =95.7*(1+(($A10-5.9)/5.9)*4.5) -> 95.7 | I10: =95.7*(1+(($A10-5.9)/5.9)*5) -> 95.7
A11: 6.25 | B11: =95.7*(1+(($A11-5.9)/5.9)*1.5) -> 104.21568 | C11: =95.7*(1+(($A11-5.9)/5.9)*2) -> 107.05424 | D11: =95.7*(1+(($A11-5.9)/5.9)*2.5) -> 109.8928 | E11: =95.7*(1+(($A11-5.9)/5.9)*2.8) -> 111.59593 | F11: =95.7*(1+(($A11-5.9)/5.9)*3.2) -> 113.86678 | G11: =95.7*(1+(($A11-5.9)/5.9)*3.8) -> 117.27305 | H11: =95.7*(1+(($A11-5.9)/5.9)*4.5) -> 121.24703 | I11: =95.7*(1+(($A11-5.9)/5.9)*5) -> 124.08559
A12: 6.6 | B12: =95.7*(1+(($A12-5.9)/5.9)*1.5) -> 112.73136 | C12: =95.7*(1+(($A12-5.9)/5.9)*2) -> 118.40847 | D12: =95.7*(1+(($A12-5.9)/5.9)*2.5) -> 124.08559 | E12: =95.7*(1+(($A12-5.9)/5.9)*2.8) -> 127.49186 | F12: =95.7*(1+(($A12-5.9)/5.9)*3.2) -> 132.03356 | G12: =95.7*(1+(($A12-5.9)/5.9)*3.8) -> 138.8461 | H12: =95.7*(1+(($A12-5.9)/5.9)*4.5) -> 146.79407 | I12: =95.7*(1+(($A12-5.9)/5.9)*5) -> 152.47119
A13: 7 | B13: =95.7*(1+(($A13-5.9)/5.9)*1.5) -> 122.46356 | C13: =95.7*(1+(($A13-5.9)/5.9)*2) -> 131.38475 | D13: =95.7*(1+(($A13-5.9)/5.9)*2.5) -> 140.30593 | E13: =95.7*(1+(($A13-5.9)/5.9)*2.8) -> 145.65864 | F13: =95.7*(1+(($A13-5.9)/5.9)*3.2) -> 152.79559 | G13: =95.7*(1+(($A13-5.9)/5.9)*3.8) -> 163.50102 | H13: =95.7*(1+(($A13-5.9)/5.9)*4.5) -> 175.99068 | I13: =95.7*(1+(($A13-5.9)/5.9)*5) -> 184.91186
A14: 7.5 | B14: =95.7*(1+(($A14-5.9)/5.9)*1.5) -> 134.62881 | C14: =95.7*(1+(($A14-5.9)/5.9)*2) -> 147.60508 | D14: =95.7*(1+(($A14-5.9)/5.9)*2.5) -> 160.58136 | E14: =95.7*(1+(($A14-5.9)/5.9)*2.8) -> 168.36712 | F14: =95.7*(1+(($A14-5.9)/5.9)*3.2) -> 178.74814 | G14: =95.7*(1+(($A14-5.9)/5.9)*3.8) -> 194.31966 | H14: =95.7*(1+(($A14-5.9)/5.9)*4.5) -> 212.48644 | I14: =95.7*(1+(($A14-5.9)/5.9)*5) -> 225.46271
A15: 8 | B15: =95.7*(1+(($A15-5.9)/5.9)*1.5) -> 146.79407 | C15: =95.7*(1+(($A15-5.9)/5.9)*2) -> 163.82542 | D15: =95.7*(1+(($A15-5.9)/5.9)*2.5) -> 180.85678 | E15: =95.7*(1+(($A15-5.9)/5.9)*2.8) -> 191.07559 | F15: =95.7*(1+(($A15-5.9)/5.9)*3.2) -> 204.70068 | G15: =95.7*(1+(($A15-5.9)/5.9)*3.8) -> 225.13831 | H15: =95.7*(1+(($A15-5.9)/5.9)*4.5) -> 248.9822 | I15: =95.7*(1+(($A15-5.9)/5.9)*5) -> 266.01356
A17: COPX RETURN % MATRIX
A18: Cu Spot ($/lb) | B18: 1.5x | C18: 2.0x | D18: 2.5x | E18: 2.8x | F18: 3.2x | G18: 3.8x | H18: 4.5x | I18: 5.0x
A19: 4.5 | B19: =(B6/95.7)-1 -> -0.3559322 | C19: =(C6/95.7)-1 -> -0.47457627 | D19: =(D6/95.7)-1 -> -0.59322034 | E19: =(E6/95.7)-1 -> -0.66440678 | F19: =(F6/95.7)-1 -> -0.75932203 | G19: =(G6/95.7)-1 -> -0.90169492 | H19: =(H6/95.7)-1 -> -1.0677966 | I19: =(I6/95.7)-1 -> -1.1864407
A20: 5 | B20: =(B7/95.7)-1 -> -0.22881356 | C20: =(C7/95.7)-1 -> -0.30508475 | D20: =(D7/95.7)-1 -> -0.38135593 | E20: =(E7/95.7)-1 -> -0.42711864 | F20: =(F7/95.7)-1 -> -0.48813559 | G20: =(G7/95.7)-1 -> -0.57966102 | H20: =(H7/95.7)-1 -> -0.68644068 | I20: =(I7/95.7)-1 -> -0.76271186
A21: 5.2 | B21: =(B8/95.7)-1 -> -0.1779661 | C21: =(C8/95.7)-1 -> -0.23728814 | D21: =(D8/95.7)-1 -> -0.29661017 | E21: =(E8/95.7)-1 -> -0.33220339 | F21: =(F8/95.7)-1 -> -0.37966102 | G21: =(G8/95.7)-1 -> -0.45084746 | H21: =(H8/95.7)-1 -> -0.53389831 | I21: =(I8/95.7)-1 -> -0.59322034
A22: 5.5 | B22: =(B9/95.7)-1 -> -0.10169492 | C22: =(C9/95.7)-1 -> -0.13559322 | D22: =(D9/95.7)-1 -> -0.16949153 | E22: =(E9/95.7)-1 -> -0.18983051 | F22: =(F9/95.7)-1 -> -0.21694915 | G22: =(G9/95.7)-1 -> -0.25762712 | H22: =(H9/95.7)-1 -> -0.30508475 | I22: =(I9/95.7)-1 -> -0.33898305
A23: 5.9 | B23: =(B10/95.7)-1 -> 0 | C23: =(C10/95.7)-1 -> 0 | D23: =(D10/95.7)-1 -> 0 | E23: =(E10/95.7)-1 -> 0 | F23: =(F10/95.7)-1 -> 0 | G23: =(G10/95.7)-1 -> 0 | H23: =(H10/95.7)-1 -> 0 | I23: =(I10/95.7)-1 -> 0
A24: 6.25 | B24: =(B11/95.7)-1 -> 0.088983051 | C24: =(C11/95.7)-1 -> 0.11864407 | D24: =(D11/95.7)-1 -> 0.14830508 | E24: =(E11/95.7)-1 -> 0.16610169 | F24: =(F11/95.7)-1 -> 0.18983051 | G24: =(G11/95.7)-1 -> 0.22542373 | H24: =(H11/95.7)-1 -> 0.26694915 | I24: =(I11/95.7)-1 -> 0.29661017
A25: 6.6 | B25: =(B12/95.7)-1 -> 0.1779661 | C25: =(C12/95.7)-1 -> 0.23728814 | D25: =(D12/95.7)-1 -> 0.29661017 | E25: =(E12/95.7)-1 -> 0.33220339 | F25: =(F12/95.7)-1 -> 0.37966102 | G25: =(G12/95.7)-1 -> 0.45084746 | H25: =(H12/95.7)-1 -> 0.53389831 | I25: =(I12/95.7)-1 -> 0.59322034
A26: 7 | B26: =(B13/95.7)-1 -> 0.27966102 | C26: =(C13/95.7)-1 -> 0.37288136 | D26: =(D13/95.7)-1 -> 0.46610169 | E26: =(E13/95.7)-1 -> 0.5220339 | F26: =(F13/95.7)-1 -> 0.59661017 | G26: =(G13/95.7)-1 -> 0.70847458 | H26: =(H13/95.7)-1 -> 0.83898305 | I26: =(I13/95.7)-1 -> 0.93220339
A27: 7.5 | B27: =(B14/95.7)-1 -> 0.40677966 | C27: =(C14/95.7)-1 -> 0.54237288 | D27: =(D14/95.7)-1 -> 0.6779661 | E27: =(E14/95.7)-1 -> 0.75932203 | F27: =(F14/95.7)-1 -> 0.86779661 | G27: =(G14/95.7)-1 -> 1.0305085 | H27: =(H14/95.7)-1 -> 1.220339 | I27: =(I14/95.7)-1 -> 1.3559322
A28: 8 | B28: =(B15/95.7)-1 -> 0.53389831 | C28: =(C15/95.7)-1 -> 0.71186441 | D28: =(D15/95.7)-1 -> 0.88983051 | E28: =(E15/95.7)-1 -> 0.99661017 | F28: =(F15/95.7)-1 -> 1.1389831 | G28: =(G15/95.7)-1 -> 1.3525424 | H28: =(H15/95.7)-1 -> 1.6016949 | I28: =(I15/95.7)-1 -> 1.779661
